{"frames":{"sprite1":{"frame":{"x":64,"y":38,"w":427,"h":190},"rotated":false,"trimmed":false,"spriteSourceSize":{"x":0,"y":0,"w":427,"h":190},"sourceSize":{"w":427,"h":190}},"sprite2":{"frame":{"x":521,"y":38,"w":426,"h":190},"rotated":false,"trimmed":false,"spriteSourceSize":{"x":0,"y":0,"w":426,"h":190},"sourceSize":{"w":426,"h":190}},"sprite3":{"frame":{"x":977,"y":38,"w":427,"h":190},"rotated":false,"trimmed":false,"spriteSourceSize":{"x":0,"y":0,"w":427,"h":190},"sourceSize":{"w":427,"h":190}},"sprite4":{"frame":{"x":1433,"y":38,"w":427,"h":190},"rotated":false,"trimmed":false,"spriteSourceSize":{"x":0,"y":0,"w":427,"h":190},"sourceSize":{"w":427,"h":190}},"out":{"frame":{"x":64,"y":277,"w":427,"h":190},"rotated":false,"trimmed":false,"spriteSourceSize":{"x":0,"y":0,"w":427,"h":190},"sourceSize":{"w":427,"h":190}},"over":{"frame":{"x":521,"y":277,"w":426,"h":190},"rotated":false,"trimmed":false,"spriteSourceSize":{"x":0,"y":0,"w":426,"h":190},"sourceSize":{"w":426,"h":190}},"down":{"frame":{"x":977,"y":277,"w":427,"h":190},"rotated":false,"trimmed":false,"spriteSourceSize":{"x":0,"y":0,"w":427,"h":190},"sourceSize":{"w":427,"h":190}},"locked":{"frame":{"x":1433,"y":277,"w":427,"h":190},"rotated":false,"trimmed":false,"spriteSourceSize":{"x":0,"y":0,"w":427,"h":190},"sourceSize":{"w":427,"h":190}},"miniout":{"frame":{"x":440,"y":512,"w":182,"h":190},"rotated":false,"trimmed":false,"spriteSourceSize":{"x":0,"y":0,"w":182,"h":190},"sourceSize":{"w":182,"h":190}},"miniover":{"frame":{"x":650,"y":512,"w":183,"h":190},"rotated":false,"trimmed":false,"spriteSourceSize":{"x":0,"y":0,"w":183,"h":190},"sourceSize":{"w":183,"h":190}},"minidown":{"frame":{"x":861,"y":512,"w":182,"h":190},"rotated":false,"trimmed":false,"spriteSourceSize":{"x":0,"y":0,"w":182,"h":190},"sourceSize":{"w":182,"h":190}},"minilocked":{"frame":{"x":1071,"y":512,"w":182,"h":190},"rotated":false,"trimmed":false,"spriteSourceSize":{"x":0,"y":0,"w":182,"h":190},"sourceSize":{"w":182,"h":190}},"sprite13":{"frame":{"x":1281,"y":512,"w":183,"h":190},"rotated":false,"trimmed":false,"spriteSourceSize":{"x":0,"y":0,"w":183,"h":190},"sourceSize":{"w":183,"h":190}}},"meta":{"app":"https://www.leshylabs.com/apps/sstool/","version":"Leshy SpriteSheet Tool v0.8.4","image":"buttonsheet.png","size":{"w":1920,"h":729},"scale":1}}