{"frames":{"out":{"frame":{"x":31,"y":10,"w":182,"h":191},"rotated":false,"trimmed":false,"spriteSourceSize":{"x":0,"y":0,"w":182,"h":191},"sourceSize":{"w":182,"h":191}},"over":{"frame":{"x":235,"y":10,"w":182,"h":191},"rotated":false,"trimmed":false,"spriteSourceSize":{"x":0,"y":0,"w":182,"h":191},"sourceSize":{"w":182,"h":191}},"down":{"frame":{"x":440,"y":10,"w":182,"h":191},"rotated":false,"trimmed":false,"spriteSourceSize":{"x":0,"y":0,"w":182,"h":191},"sourceSize":{"w":182,"h":191}},"locked":{"frame":{"x":644,"y":10,"w":182,"h":191},"rotated":false,"trimmed":false,"spriteSourceSize":{"x":0,"y":0,"w":182,"h":191},"sourceSize":{"w":182,"h":191}}},"meta":{"app":"https://www.leshylabs.com/apps/sstool/","version":"Leshy SpriteSheet Tool v0.8.4","image":"spritesheet.png","size":{"w":840,"h":211},"scale":1}}