{"frames":{"simonsays":{"frame":{"x":0,"y":245,"w":975,"h":120},"rotated":false,"trimmed":false,"spriteSourceSize":{"x":0,"y":0,"w":975,"h":120},"sourceSize":{"w":975,"h":120}},"jump":{"frame":{"x":456,"y":366,"w":455,"h":120},"rotated":false,"trimmed":false,"spriteSourceSize":{"x":0,"y":0,"w":455,"h":120},"sourceSize":{"w":455,"h":120}},"dont":{"frame":{"x":0,"y":366,"w":455,"h":120},"rotated":false,"trimmed":false,"spriteSourceSize":{"x":0,"y":0,"w":455,"h":120},"sourceSize":{"w":455,"h":120}},"trustsimon":{"frame":{"x":0,"y":487,"w":998,"h":120},"rotated":false,"trimmed":false,"spriteSourceSize":{"x":0,"y":0,"w":998,"h":120},"sourceSize":{"w":998,"h":120}},"trustyoureyes":{"frame":{"x":0,"y":124,"w":998,"h":120},"rotated":false,"trimmed":false,"spriteSourceSize":{"x":0,"y":0,"w":998,"h":120},"sourceSize":{"w":998,"h":120}},"platform":{"frame":{"x":477,"y":840,"w":400,"h":32},"rotated":false,"trimmed":false,"spriteSourceSize":{"x":0,"y":0,"w":400,"h":32},"sourceSize":{"w":400,"h":32}},"obstacle":{"frame":{"x":840,"y":724,"w":100,"h":100},"rotated":false,"trimmed":false,"spriteSourceSize":{"x":0,"y":0,"w":100,"h":100},"sourceSize":{"w":100,"h":100}},"idle2":{"frame":{"x":123,"y":0,"w":76,"h":122},"rotated":false,"trimmed":false,"spriteSourceSize":{"x":0,"y":0,"w":76,"h":122},"sourceSize":{"w":76,"h":122}},"damaged":{"frame":{"x":432,"y":724,"w":99,"h":107},"rotated":false,"trimmed":false,"spriteSourceSize":{"x":0,"y":0,"w":99,"h":107},"sourceSize":{"w":99,"h":107}},"sprite11":{"frame":{"x":0,"y":0,"w":122,"h":123},"rotated":false,"trimmed":false,"spriteSourceSize":{"x":0,"y":0,"w":122,"h":123},"sourceSize":{"w":122,"h":123}},"idle1":{"frame":{"x":912,"y":366,"w":77,"h":115},"rotated":false,"trimmed":false,"spriteSourceSize":{"x":0,"y":0,"w":77,"h":115},"sourceSize":{"w":77,"h":115}},"idle3":{"frame":{"x":0,"y":724,"w":76,"h":115},"rotated":false,"trimmed":false,"spriteSourceSize":{"x":0,"y":0,"w":76,"h":115},"sourceSize":{"w":76,"h":115}},"sleep":{"frame":{"x":880,"y":608,"w":77,"h":115},"rotated":false,"trimmed":false,"spriteSourceSize":{"x":0,"y":0,"w":77,"h":115},"sourceSize":{"w":77,"h":115}},"walk2":{"frame":{"x":247,"y":724,"w":91,"h":114},"rotated":false,"trimmed":false,"spriteSourceSize":{"x":0,"y":0,"w":91,"h":114},"sourceSize":{"w":91,"h":114}},"walk5":{"frame":{"x":339,"y":724,"w":92,"h":114},"rotated":false,"trimmed":false,"spriteSourceSize":{"x":0,"y":0,"w":92,"h":114},"sourceSize":{"w":92,"h":114}},"walk1":{"frame":{"x":0,"y":608,"w":84,"h":115},"rotated":false,"trimmed":false,"spriteSourceSize":{"x":0,"y":0,"w":84,"h":115},"sourceSize":{"w":84,"h":115}},"walk3":{"frame":{"x":278,"y":608,"w":77,"h":115},"rotated":false,"trimmed":false,"spriteSourceSize":{"x":0,"y":0,"w":77,"h":115},"sourceSize":{"w":77,"h":115}},"walk4":{"frame":{"x":85,"y":608,"w":84,"h":115},"rotated":false,"trimmed":false,"spriteSourceSize":{"x":0,"y":0,"w":84,"h":115},"sourceSize":{"w":84,"h":115}},"walk6":{"frame":{"x":788,"y":608,"w":91,"h":115},"rotated":false,"trimmed":false,"spriteSourceSize":{"x":0,"y":0,"w":91,"h":115},"sourceSize":{"w":91,"h":115}},"sprite21":{"frame":{"x":162,"y":724,"w":84,"h":114},"rotated":false,"trimmed":false,"spriteSourceSize":{"x":0,"y":0,"w":84,"h":114},"sourceSize":{"w":84,"h":114}},"jumping":{"frame":{"x":680,"y":608,"w":107,"h":115},"rotated":false,"trimmed":false,"spriteSourceSize":{"x":0,"y":0,"w":107,"h":115},"sourceSize":{"w":107,"h":115}},"sprite23":{"frame":{"x":464,"y":608,"w":107,"h":115},"rotated":false,"trimmed":false,"spriteSourceSize":{"x":0,"y":0,"w":107,"h":115},"sourceSize":{"w":107,"h":115}},"sprite24":{"frame":{"x":356,"y":608,"w":107,"h":115},"rotated":false,"trimmed":false,"spriteSourceSize":{"x":0,"y":0,"w":107,"h":115},"sourceSize":{"w":107,"h":115}},"sprite25":{"frame":{"x":532,"y":724,"w":76,"h":107},"rotated":false,"trimmed":false,"spriteSourceSize":{"x":0,"y":0,"w":76,"h":107},"sourceSize":{"w":76,"h":107}},"sprite26":{"frame":{"x":0,"y":840,"w":122,"h":100},"rotated":false,"trimmed":false,"spriteSourceSize":{"x":0,"y":0,"w":122,"h":100},"sourceSize":{"w":122,"h":100}},"sprite27":{"frame":{"x":123,"y":840,"w":122,"h":99},"rotated":false,"trimmed":false,"spriteSourceSize":{"x":0,"y":0,"w":122,"h":99},"sourceSize":{"w":122,"h":99}},"sprite28":{"frame":{"x":362,"y":840,"w":114,"h":84},"rotated":false,"trimmed":false,"spriteSourceSize":{"x":0,"y":0,"w":114,"h":84},"sourceSize":{"w":114,"h":84}},"slide":{"frame":{"x":246,"y":840,"w":115,"h":84},"rotated":false,"trimmed":false,"spriteSourceSize":{"x":0,"y":0,"w":115,"h":84},"sourceSize":{"w":115,"h":84}},"sprite30":{"frame":{"x":609,"y":724,"w":107,"h":107},"rotated":false,"trimmed":false,"spriteSourceSize":{"x":0,"y":0,"w":107,"h":107},"sourceSize":{"w":107,"h":107}},"sprite31":{"frame":{"x":717,"y":724,"w":122,"h":100},"rotated":false,"trimmed":false,"spriteSourceSize":{"x":0,"y":0,"w":122,"h":100},"sourceSize":{"w":122,"h":100}},"sprite32":{"frame":{"x":77,"y":724,"w":84,"h":115},"rotated":false,"trimmed":false,"spriteSourceSize":{"x":0,"y":0,"w":84,"h":115},"sourceSize":{"w":84,"h":115}},"sprite33":{"frame":{"x":170,"y":608,"w":107,"h":115},"rotated":false,"trimmed":false,"spriteSourceSize":{"x":0,"y":0,"w":107,"h":115},"sourceSize":{"w":107,"h":115}},"sprite34":{"frame":{"x":572,"y":608,"w":107,"h":115},"rotated":false,"trimmed":false,"spriteSourceSize":{"x":0,"y":0,"w":107,"h":115},"sourceSize":{"w":107,"h":115}}},"meta":{"app":"https://www.leshylabs.com/apps/sstool/","version":"Leshy SpriteSheet Tool v0.8.4","image":"spritesheet.png","size":{"w":998,"h":940},"scale":1}}